<?xml version="1.0" encoding="UTF-8" ?>
<!DOCTYPE struts PUBLIC "-//Apache Software Foundation//DTD Struts Configuration 2.0//EN"
"http://struts.apache.org/dtds/struts-2.0.dtd">

<struts>
	<package name="loginmodello" extends="jsp-package" namespace="/base/loginmodello">

		
<action name="cpLogin" class="it.csi.logesterna.logesterna.presentation.logesterna.action.loginmodello.CpLoginAction">
	<result name="input">/jsp/cpLogin.jsp</result>
	<result name="success">/jsp/cpLogin.jsp</result>
	
	<result name="GO_TO_BackPage" type="chain">
		<param name="actionName">${backActionName}</param>
		<param name="namespace">${backNamespace}</param>
	</result>
	
	<result name="GO_TO_EX_applicazioneurl" type="redirect">
		<param name="location">${appDataurlGoToApp}</param>
	</result>
</action>

		<!--PROTECTED REGION ID(R-2033586435) ENABLED START-->
		<!-- inserire qui la dichiarazione di azioni aggiuntive hand-written -->
		<!--PROTECTED REGION END-->

	</package>
</struts>
