<?xml version="1.0" encoding="UTF-8"?>
<!DOCTYPE beans PUBLIC "-//SPRING//DTD BEAN//EN" "http://www.springframework.org/dtd/spring-beans.dtd">
<beans default-autowire="autodetect">
	<!-- bean di business logic -->
	
	<!-- bean di facade -->
	<bean id="springBackEnd" class="it.csi.smplsec.fullinternsec.business.BackEndFacade">
		<property name="CPBECpHome">
			<ref bean="CPBECpHome"/>
		</property>
	</bean>
	
	<!-- bean relativi ai singoli content panel -->
	<bean id="CPBECpHome" class="it.csi.smplsec.fullinternsec.business.main.CPBECpHome">
	</bean>
	
	
	
	<!-- helper per le funzioni di securizzazione -->
	<bean id="springSecurityHelper" class="it.csi.smplsec.fullinternsec.business.SecurityHelper">

	</bean>
	
	
	
	
	<bean id="pepProviderFacadeBeanId" class="it.csi.smplsec.fullinternsec.presentation.fullinternsec.security.pepprovider.PEPProviderFacade">
	
	
	
	<!--PROTECTED REGION ID(R666068087) ENABLED START-->
	<!--PROTECTED REGION END-->
	</bean>
	
	
	
	<!--PROTECTED REGION ID(R585863764) ENABLED START-->
		<!-- Inserire qui configurazioni aggiuntive da iniettare nel bean prinicipale -->
	<!--PROTECTED REGION END-->

</beans>
