<?xml version="1.0" encoding="UTF-8"?>
<files>
	<!-- risorse caricate in ogni pagina -->
	<file page="all">
<resource type="text/css">
	<position value="ris/utheme/global/themes/extlibsthemeV1/css/ext-all/resources/css/ext-all.css" />
	<position value="ris/utheme/global/themes/extlibsthemeV1/css/general/css/xtheme-general.css" />
</resource>
<resource type="text/javascript">
	<position value="ris/utheme/global/jslib/ext-all/3.4.0/adapter/ext/ext-base.js" />
	<position value="ris/utheme/global/jslib/ext-all/3.4.0/ext-all.js" />
	<position value="ris/utheme/global/jslib/extjscsicore/1.0.0/util/Format.js" />
	<position value="ris/utheme/global/jslib/extjscsicore/1.0.0/locale/ext-lang-it.js" />
</resource>
	</file>	
	<!-- risorse specifiche del ContentPanel [cpHome] -->
	<file page="cpHome">
<resource type="text/css">
	<position value="ris/utheme/global/jslib/extjscsienricher/1.5.2/ajaxify-tag/css/ajaxify.css" />
	
</resource>
<resource type="text/javascript">
	<position value="ris/utheme/global/jslib/extjscsicore/1.0.0/table-grid/TableGrid.js" />
	<position value="ris/utheme/global/jslib/extjscsicore/1.0.0/miframe/miframe.js" />
	<position value="ris/utheme/global/jslib/extjscsienricher/1.5.2/enricher/enricher.js" />
	<position value="ris/utheme/global/jslib/extjscsienricher/1.5.2/menu/csimenu.js" />
	<position value="ris/utheme/global/jslib/extjscsienricher/1.5.2/toggle-panel/toggle.js" />
	<position value="ris/utheme/global/jslib/extjscsienricher/1.5.2/ajaxify-tag/ajaxifyTag.js" />
	
	<!-- componente js dello skin -->
	<position value="ris/utheme/global/themes/extlibsthemeV1/js/style.js" />
	<!-- funzioni comuni all' applicativo (opz) -->
	<position value="ris/js/localLibs.js" />
	<!-- stilizzazioni JS locali (opz) -->
	<position value="/ris/utheme/general/fullinternsec/js/localStyle.js" />
	<!-- arricchimenti della schermata -->
	<position value="ris/js/enrichments/cpHome.js" />
</resource>
	</file>
</files>
