<?xml version="1.0" encoding="UTF-8" ?>
<!DOCTYPE struts PUBLIC "-//Apache Software Foundation//DTD Struts Configuration 2.0//EN"
"http://struts.apache.org/dtds/struts-2.0.dtd">

<struts>
	<package name="localLoginUI" extends="jsp-package" namespace="/secure">
		<action name="localLoginUI" class="it.csi.smplsec.fullinternsec.presentation.fullinternsec.action.LocalLoginUIAction">
			<result name="input">/jsp/localLoginUI.jsp</result>
			<result name="success">/jsp/localLoginUI.jsp</result>
			<result name="autorizzazioneFallita">/jsp/error/autorizzazioneFallita.jsp</result>
			<result name="GO_TO_HomePage" type="redirect">
			   <param name="location">secure/HomePage.do</param>
			</result>
		</action>
	</package>
</struts>
