<?xml version="1.0" encoding="UTF-8" ?>
<!DOCTYPE struts PUBLIC "-//Apache Software Foundation//DTD Struts Configuration 2.0//EN"
"http://struts.apache.org/dtds/struts-2.0.dtd">

<struts>
	<package name="main" extends="jsp-package" namespace="/base/main">

		
<action name="cpHome" class="it.csi.smplsec.fullinternsec.presentation.fullinternsec.action.main.CpHomeAction">
	<result name="input">/jsp/cpHome.jsp</result>
	<result name="success">/jsp/cpHome.jsp</result>
	
	<result name="GO_TO_BackPage" type="chain">
		<param name="actionName">${backActionName}</param>
		<param name="namespace">${backNamespace}</param>
	</result>
	
</action>

		<!--PROTECTED REGION ID(R-69127981) ENABLED START-->
		<!-- inserire qui la dichiarazione di azioni aggiuntive hand-written -->
		<!--PROTECTED REGION END-->

	</package>
</struts>
