<?xml version="1.0" encoding="UTF-8"?>
<!DOCTYPE validators PUBLIC
        "-//OpenSymphony Group//XWork Validator Config 1.0//EN"
        "http://www.opensymphony.com/xwork/xwork-validator-config-1.0.dtd">

<validators>

	<!-- Custom validators Definiti in GuiGen -->
	<validator name="csiDateValidator" class="it.csi.smplsec.fullinternsec.presentation.fullinternsec.validator.CsiDateValidator"/>
	<validator name="csiLongRangeValidator" class="it.csi.smplsec.fullinternsec.presentation.fullinternsec.validator.CsiLongRangeValidator"/>

	<!-- Validators per Simple Types User Defined -->
	<validator name="csiUdStringRegexpValidator" class="it.csi.smplsec.fullinternsec.presentation.fullinternsec.validator.CsiUdStringRegexpValidator"/>
	<validator name="csiUdNumericIntValidator" class="it.csi.smplsec.fullinternsec.presentation.fullinternsec.validator.CsiUdNumericIntValidator"/>
	<validator name="csiUdStringRangeValidator" class="it.csi.smplsec.fullinternsec.presentation.fullinternsec.validator.CsiUdStringRangeValidator"/>
	<validator name="csiUdDateValidator" class="it.csi.smplsec.fullinternsec.presentation.fullinternsec.validator.CsiUdDateValidator"/>
	<validator name="csiUdLongRangeValidator" class="it.csi.smplsec.fullinternsec.presentation.fullinternsec.validator.CsiUdLongRangeValidator"/>
	<validator name="csiUdNumericDecValidator" class="it.csi.smplsec.fullinternsec.presentation.fullinternsec.validator.CsiUdNumericDecValidator"/>
	

	<!-- Custom validators modellati dall'utente nei widget -->

	<!--PROTECTED REGION ID(R-148540340) ENABLED START-->
	<!-- Inserire qui i custom validators che verranno acceduti mediante XML notation -->
	<!--PROTECTED REGION END-->

</validators>
